pdf,chunk_index,text,char_count,SDG,region,country
dritter-religions-und-weltanschauungsfreiheitsbericht.pdf,223,"Länderkapitel  |  75 Menschenrechtsaktivistinnen und -aktivisten, die in Landkonflikten Position beziehen oder die Verletzung von Indigenenrechten anprangern, Aus Kreisen evangelikaler Fundamentalisten werden immer wieder Übergriffe auf religiöse und sexuelle Minderheiten bekannt. LGBTIQ+ Personen werden auch aus religiöser Motivation beleidigt und angegriffen. Der zunehmende Einfluss evangelikaler Fundamentalisten erschwert es Anhängerinnen und Anhängern afrobrasilianischer Religionen, ihren Glauben öffentlich auszuüben.",538,"10.2, 10.3, 16.1, 16.10",Latin America,Brazil
menschenrechtsleitfaden-2026.pdf,46,"2 Vermeidung menschenrechtlicher Risiken  |  19 2.4 Unfreiwillige Umsiedlungen Unfreiwillige Umsiedlungen sind behördlich unter Androhung von Zwang angeordnete Umsiedlungen. Dabei können sich die betroffenen Personen dem Landerwerb und/oder den Einschränkungen bei der Nutzung natürlicher Ressourcen nicht widersetzen. Sie können als „physische Umsiedlungen“ (Verlust von Wohnstätten) und als „ökonomische Umsiedlungen“ (Verlust von Land, Zugang zu natürlichen Ressourcen, Lebensgrundlagen) vorkommen.",511,"11.1, 16.3, 16.8",Global,
indigene-spiritualitaet-als-menschenrechtsthema.pdf,294,"Position, die dem Glaubensgewissen jedes einzelnen Menschen zu viel Raum gebe: „It may fairly be said that leaving accommodation to the political process will place at a relative disadvantage those religious practices that are not widely engaged in; but that unavoidable consequence of democratic government must be preferred to a system in which each conscience is a law unto itself or in which judges weigh the social importance of all laws against the centrality of all religious beliefs.”195",501,"10.2, 16.3",Global,
indigene-spiritualitaet-als-menschenrechtsthema.pdf,3,"Paola Tamayo Kohleabbau in Kolumbien: Der Kampf des Volkes gegen den Extraktivismus, Wayuu-Frauen im Widerstand..................25 2 Heiner Bielefeldt und Volker von Bremen Indigene Völker und ihr Recht auf Religions- und Weltanschauungsfreiheit. Ethnologische und menschenrechtspolitische Grundlagen ...................................... 52",627,,,
dritter-religions-und-weltanschauungsfreiheitsbericht.pdf,206,"für die Nutzung von seinerzeit durch die sowjetischen Behörden beschlagnahmten Gottesdienststätten sind außergewöhnlich hoch. Die römisch-katholische Kirche sowie protestantische Gemeinschaften kritisieren, Arbeitserlaubnisse für ausländische Priester würden restriktiv und allenfalls für wenige Monate vergeben. Die Belarussisch-Orthodoxe Kirche genießt eine Reihe symbolischer und wirtschaftlicher Privilegien. Orthodoxen Kirchen, die nicht dem Patriarchat von Moskau unterstehen, wird die Registrierung verweigert, darunter der Autokephalen Belarussisch-Orthodoxen Kirche und der „Wahren Orthodoxen Kirche“.",619,,,
bmz-umwelterklaerung-2024-bf.pdf,126,"50  |  Aktualisierte Klima- und Umwelterklärung 2024 der Erhöhung des Restabfalls von circa 3 Tonnen. Der Wert liegt aber immer noch deutlich unter dem Wert des branchenspezifischen Referenzpapiers von 200 kg/ VZÄ. Der Restmüll ist im Jahr 2023 gegenüber dem Vorjahr 2022 um 46,9 Prozent gestiegen. Das Ziel, im Jahr 2023 das Restmüllaufkommen von 2019 um 6 Prozent zu reduzieren, konnte jedoch mit einer Erhöhung von 11,8 Prozent nicht erfüllt werden. Aus diesem Grund müssen weitere Maßnahmen zur Reduzierung des Restmülls entwickelt werden, um eine Trendwende einzuleiten und zu verstetigen. Für 2024 wird eine Reduzierung des Restmüllaufkommens um 7,5 Prozent gegenüber 2019 angestrebt.",700,,,
bmz-umwelterklaerung-2024-bf.pdf,79,"32  |  Aktualisierte Klima- und Umwelterklärung 2024 Die dargestellte THG-Bilanz gliedert sich in die verschiedenen betrachteten THG-Emissionsquellen aufgeschlüsselt nach den drei Kategorien Primärenergieträger wie Erdgas, Heizöl, Kraftstoffe und Kältemittel (Scope 1), Energiebezug von Strom und Fernwärme (Scope 2) sowie Weitere THG-Emissionen (Scope 3). Bei der Berechnung der CO2eq der Kategorien Primärenergieträger und Energiebezug wurden neben den THG-Emissionen nach Scope 1 und 2 auch vorgelagerte THG-Emissionen aus Scope 3 berücksichtigt (Kategorie 3: Brennstoff- und energiebezogene Emissionen). Die detaillierte Bilanz des Jahres 2023 kann dem Anhang entnommen werden.",689,,,
indigene-spiritualitaet-als-menschenrechtsthema.pdf,216,"122 Charakteren, Potentialen, Launen und Bedingungen für die Pflege einer reziproken Beziehung mit den Menschen. Das Territorium ist somit auch Ausdruck eines weit gefächerten Netzwerkes materieller wie spiritueller Beziehungen der Menschen mit ihrer Um-/Mitwelt. Und so wie die Existenz des Menschen und der spirituellen Welt vom Territorium abhängt, ist auch umgekehrt die Existenz des Territoriums mit all seinen konkreten Prägungen gebunden an das Leben und die fortwährende Pflege dieses Netzwerkes von Menschen und spiritueller Welt.",552,,,
dritter-religions-und-weltanschauungsfreiheitsbericht.pdf,53,"1.5 Landkonflikte und die Religionsfreiheit indigener Völker Viele politische und juristische Auseinanderset zungen um die Rechte indigener Völker beziehen sich auf Landkonflikte. So hielt die VN-Sonderberichterstatterin für die Rechte indigener Völker (2014–2020), Victoria Tauli-Corpuz, fest, dass landbezogene Ansprüche unter den Beschwerden Indigener einen herausragenden Platz einnehmen.35 Ähnliches gilt für die Berichte zivilgesellschaftli cher Organisationen wie die der Gesellschaft für bedrohte Völker,36 der International Workgroup for Indigenous Affairs (IWGIA),37 Survival International38 oder der Minority Rights Group39. Landrechte sind für die Menschenrechte indigener Völker grundlegend.40",717,,,
materialie295-textilbuendnis.pdf,42,28  |  Nachhaltige Textilien – Eine Frage der Verantwortung! Nationaler Aktionsplan Wirschaft und Menschenrechte Das Lieferkettensorgfaltspflichtengesetz in Deutschland Die Bundesregierung hat im Nationalen Aktionsplan Wirtschaft und Menschenrechte 2016 neben den Pflichten des Staates erstmals auch die Verantwortung von deutschen Unternehmen für die Achtung der Menschenrechte verankert und konkrete Erwartungen an die Umsetzung der Sorgfaltspflichten durch die Privatwirtschaft formuliert.,502,"8.7, 8.8, 12.6",Europe,Germany
positionspapier-nachhaltige-stadtentwicklung.pdf,23,Über bilaterale Programme unterstützen wir spezifische Bedarfe unserer Partnerländer. Mit Regionalprogrammen fördern wir grenzüberschreitenden Wissenstransfer und thematische Ansätze von regionaler Bedeutung. In Globalvorhaben erproben wir neue Ansätze und deren Skalierung. Über Dreieckskooperationen fördern wir den Wissensaustausch unter Kommunen in Entwicklungs- und Schwellenländern zur gemeinsamen Bewältigung geteilter Entwicklungsherausforderungen. Wir fördern außerdem das entwicklungspolitische Engagement deutscher Kommunen und ermöglichen damit gegenseitiges Lernen und die Zusammenarbeit mit Kommunen in unseren Partnerländern. Unser Ansatz  |  14 2.4. Wir engagieren uns in internationalen Prozessen und Partnerschaften,746,"17.6, 17.9, 17.16, 17.17 ","Europe, global",Germany
syspons-review-aktionsplan-kinderrechte-abschlussbericht.pdf,23,"Die Grundgesamtheit der zu befragenden Vorhaben entstammt einer internen Portfolioanalyse des SV Menschenrechte. Die Befragung erfolgte mittels der Befragungssoftware SurveyXact© zwischen Juli und August 2022 und hatte bei 251 kontaktierten Vorhaben einen Rücklauf von 90 beantwortenden Vorhaben, von denen 85 die Befragung vollständig abschlossen, und wies somit eine Beteiligung von 34% auf. Die Auswertung der Befragungsdaten erfolgte nach der Befragung unter Einsatz statistischer Software in Form von uni-, bi und multivariaten Analysen. Fokusgruppe mit Vorhaben der finanziellen Entwicklungszusammenarbeit",615,None,,
bmz-leitlinien-evaluierung-2021.pdf,23,"Diese Bereiche (1) bis (4) der Bewertung sind nicht Gegenstand dieser Leitlinien. Ein der Evaluierung ebenfalls nahe verwandter Bereich – mit potenziellen Schnittmengen – ist die empirische Forschung. Sie kann wie begleitende Wirkungsforschung, insbesondere in Form von rigorosen Wirkungsanalysen von Entwicklungsmaßnahmen, zum Feld der Evaluierung zählen, sofern weitere Qualitätsmerkmale von Evaluierung (vgl. Kap. 3) vorliegen. Gleichzeitig zählt wissenschaftsbasierte Evaluierung wie die des DEval auch zum Feld der anwendungsbezogenen Forschung. 12BMZ-PAPIER 4 | 2021 LEITLINIEN FÜR DIE EVALUIERUNG DER ENTWICKLUNGSZUSAMMENARBEIT 2.3 EVALUIERUNG DER EZ UND ERFOLGSKONTROLLE IM DEUTSCHEN KONTEXT",712,,,
bmz-183-umwelterklaerung-2021.pdf,1,2.2 Umsetzung des Bundes-Klimaschutzgesetzes im BMZ..................................................................................10 2.3 Das integrierte Umwelt- und Klimamanagement des BMZ...........................................................................10 2.4 Maßnahmen zur Verbesserung der Umweltleistung.......................................................................................11 3 Umweltaspekte......................................................................................................................................................................13,594,,,
dritter-entwicklungspolitischer-aktionsplan-zur-gleichstellung-der-geschlechter.pdf,78,"Übergang zu einer sozial- und klimaverträglichen Wirtschaftsweise (Just Transition) Der gerechte Übergang zu einer sozial- und klimaverträglichen Wirtschaftsweise (Just Transition) verknüpft ökologische, soziale und demokratische Aspekte und sichert Wahlfreiheit, Selbstbestimmung und das Anrecht auf Teilhabe und Teilnahme. Entscheidend für eine gerechte, sozial-ökologische Transformation und damit für den gerechten Übergang zu einer sozial- und klimaverträglichen Wirtschaftsweise ist die Teilhabe und Stärkung von Frauen und marginalisierten Gruppen als Akteur*innen des Wandels. Überlebendenzentrierter Ansatz",626,"5.5, 5.a, 8.4, 10.2, 13.2",Global,
strategie-feministische-entwicklungspolitik.pdf,53,"→Das BMZ fördert den Aufbau sozialer Sicherungssysteme, die Konsultation mit der Zivilgesellschaft – das haben wir gehört einen gleichberechtigten Zugang von Frauen, auch in Fluchtkontexten, zu sozialer Sicherung ermöglichen, geschlechtsspezifische Lebensrisiken absichern und den Zugang von Frauen zum Arbeitsmarkt, zu Einkommen und Bildung verbessern. Ein wichtiger Baustein ist dabei der Abbau von geschlechts Mit Blick auf den Zugang zu Ressourcen sollte die deutsche feministische Entwicklungspolitik die Vernetzungsmöglichkeiten spezifischen Ungleichheiten in der unbezahlten Pflege- und Sorgearbeit. für die feministische Zivilgesellschaft ausbauen →Das BMZ setzt sich für einen gleichberechtigten Zugang aller",741,"1.3, 4.3, 5.4, 8.5, 17.7",,
bmz-afrika-strategie-de.pdf,16,"Das BMZ wird insbesondere: Just Transition in neuen Klima- und Entwicklungspartnerschaften vorantreiben   Städte und Energiesysteme klimafreundlich und sozial gerecht entwickeln Das BMZ kooperiert in neuen Bündnisinitiativen wie den bilateralen Klima- und Entwicklungspartnerschaften (P+) sowie den Just Energy Transition Partnerships (JETPs), in Abstimmung mit den anderen zuständigen Ressorts, mit klimapolitisch ambitionierten Staaten für eine klimaresiliente, klimaneutrale und sozial gerechte Entwicklung, unter anderem in den Bereichen Energie, Stadtentwicklung, Kreislaufwirtschaft, Wasser- und Sanitärversorgung.",632,,,